Data,Otwarcie,Najwyzszy,Najnizszy,Zamkniecie
2000-03-05,292.7,294.5,287.75,288.5
2000-03-12,288.5,293.8,287.5,289
2000-03-19,289.85,291.8,283.1,284.6
2000-03-26,283.87,291.4,283.7,285
2000-04-02,285,289.2,275,278.9
2000-04-09,278.75,288.1,276.2,280.2
2000-04-16,280.6,286.5,279.3,282.6
2000-04-23,283.9,285,279.25,280
2000-04-30,280,280.9,273.05,273.35
2000-05-07,275.25,282.45,272.35,278.95
2000-05-14,278.95,278.95,275.65,276.15
2000-05-21,276.35,277.2,272.25,274.25
2000-05-28,274.1,276.9,269.45,272.4
2000-06-04,272.7,281.95,271.9,281.15
2000-06-11,281.05,290.85,279.05,283.85
2000-06-18,283.75,294.12,283.25,289.25
2000-06-25,289.15,289.35,282.7,283.15
2000-07-02,283.15,293.1,282.1,290.1
2000-07-09,288.95,289.88,281.95,283.65
2000-07-16,283.75,285.25,279.75,281.4
2000-07-23,280.45,284.15,277.85,280.35
2000-07-30,280.25,281.55,277.85,278.4
2000-08-06,278.4,279.05,272.2,273.25
2000-08-13,272.85,275.45,271.3,275.15
2000-08-20,274.75,278.75,274.05,276.65
2000-08-27,276.7,276.95,270.5,274.25
2000-09-03,274,278.75,272.6,276.75
2000-09-10,276.85,277.85,271.55,273.05
2000-09-17,272.95,275.65,270.95,272.55
2000-09-24,272.55,275.85,268.65,272.15
2000-10-01,272.45,279.55,272.05,274.25
2000-10-08,273.95,274.75,268.85,269.65
2000-10-15,269.95,277.65,268.7,272.65
2000-10-22,272.45,275.45,269.55,271.55
2000-10-29,271.35,272.35,264.4,265.35
2000-11-05,264.85,266.85,263.45,265.2
2000-11-12,265.5,267.05,263.26,264.75
2000-11-19,264.75,268.35,263.95,265.8
2000-11-26,266.25,267.65,265.65,265.95
2000-12-03,265.75,273.25,265.75,269.8
2000-12-10,270.98,275.88,270.05,272.75
2000-12-17,272.75,273.15,268.1,270.95
2000-12-24,270.75,275.08,269.15,273.95
2000-12-31,273.55,276.15,271.2,272.25
2001-01-07,273.15,273.55,266.55,268.15
2001-01-14,268.35,269.95,263.55,264.32
2001-01-21,264.35,266.65,262.6,264.75
2001-01-28,264.75,269.1,262.15,263.05
2001-02-04,263.35,268.95,263.05,267.55
2001-02-11,267.45,267.55,259.25,260.65
2001-02-18,260.65,262.95,253.85,258.95
2001-02-25,258.85,261.55,256.15,261.55
2001-03-04,261.55,269.75,261.55,262.85
2001-03-11,262.8,272.58,259.9,272.38
2001-03-18,272.25,275.35,258.45,258.75
2001-03-25,259.35,264.15,258.75,262.45
2001-04-01,262.35,263.25,257.25,257.95
2001-04-08,258.05,260.85,254.7,260.05
2001-04-15,260.05,261.25,256.45,259.25
2001-04-22,259.25,265.55,258.55,264.65
2001-04-29,264.15,267.15,261.85,263.65
2001-05-06,264.05,267.55,263.15,266.15
2001-05-13,266.1,270.8,264.75,268.05
2001-05-20,268.05,288.05,266.3,287.55
2001-05-27,285.5,297.75,275.35,277.65
2001-06-03,277.65,278.55,264.95,267.05
2001-06-10,266.75,274.75,264.95,273.75
2001-06-17,273.25,277.15,266.75,271.55
2001-06-24,271.25,275.95,271.05,272.65
2001-07-01,272.85,279.25,267.85,270.85
2001-07-08,270.85,270.95,264.55,266.25
2001-07-15,266.45,269.85,265.55,267.35
2001-07-22,267.2,271.85,266.75,270.05
2001-07-29,269.95,270.35,264.85,267.55
2001-08-05,267.85,269.25,264.95,268.55
2001-08-12,268.5,277.05,266.25,274.55
2001-08-19,273.75,281.15,273.75,279.25
2001-08-26,279.25,279.55,271.95,272.85
2001-09-02,273.05,276.15,270.55,274.45
2001-09-09,274.45,274.75,271.25,273.15
2001-09-16,273.25,291,270.95,285.55
2001-09-23,286.8,295,285.85,291.45
2001-09-30,290.75,294.15,287,293.2
2001-10-07,292.25,293.2,288.6,290.95
2001-10-14,291,293.95,280.3,284.45
2001-10-21,284.45,285.85,277.65,279.65
2001-10-28,279.65,279.75,274.45,277.35
2001-11-04,277.35,281.65,277.15,279.95
2001-11-11,279.95,281.35,276.35,277.45
2001-11-18,277.45,282.25,273.85,274.85
2001-11-25,274.85,274.95,272.15,272.9
2001-12-02,273.05,276.15,272.45,274.4
2001-12-09,274.4,278.25,273.65,274.55
2001-12-16,274.55,279.45,271.65,278.45
2001-12-23,277.6,281.25,275.35,278.15
2001-12-30,278.15,280.75,276.05,276.55
2002-01-06,276.15,280.25,276.15,278.95
2002-01-13,278.85,289.55,277.65,287.55
2002-01-20,286.95,289.75,282.95,283.55
2002-01-27,283.55,284.05,277.75,279.45
2002-02-03,279.7,287.45,277.65,286.25
2002-02-10,285.5,307.75,285.35,303.75
2002-02-17,303.75,304.05,295.6,297.85
2002-02-24,298.75,298.75,290,292.75
2002-03-03,293,299.85,290.85,298.15
2002-03-10,297.85,300.05,287.95,289.75
2002-03-17,289.6,294.9,289.25,290.05
2002-03-24,290.05,297.88,290,297.75
2002-03-31,297.65,304.77,295.85,302.5
2002-04-07,302.5,306.85,298.25,300.05
2002-04-14,300.1,303.45,297.15,302.15
2002-04-21,302.15,306.25,297.65,302.35
2002-04-28,302.35,311.95,301.85,311.35
2002-05-05,311,313.45,306.65,311.95
2002-05-12,311.75,313.95,307.95,311.05
2002-05-19,310.85,312.15,306.45,311.05
2002-05-26,310.85,323.35,310.35,320.55
2002-06-02,320.55,329.5,320.05,326.55
2002-06-09,326.55,330.55,320.25,323.95
2002-06-16,324.6,326.35,315.95,322.1
2002-06-23,322.2,324.05,317.4,322.7
2002-06-30,322.9,329.3,315.05,318.5
2002-07-07,318.5,318.5,309.5,311.3
2002-07-14,311.5,321.75,310.2,316.7
2002-07-21,316.9,325,314.15,322.9
2002-07-28,323.3,328,301.75,304.95
2002-08-04,305.75,306.95,296.6,305.55
2002-08-11,305.85,315.05,305.85,312.95
2002-08-18,312.95,320.7,309.6,314.2
2002-08-25,314.5,316.55,303.2,305.95
2002-09-01,306.85,314.5,306.25,312.8
2002-09-08,313.2,320.65,310.35,319.25
2002-09-15,319.65,325.2,313.4,318.85
2002-09-22,319.05,324.4,312.9,322.3
2002-09-29,322.6,328.5,317.7,320.05
2002-10-06,320.35,324.7,317.05,320.3
2002-10-13,321,322.25,316.25,316.85
2002-10-20,317.75,320.05,308.65,312.75
2002-10-27,313.65,315.2,309,311.75
2002-11-03,312.45,322.65,312.45,319.85
2002-11-10,320.75,323.3,316.35,321.7
2002-11-17,321.8,330.6,316.1,318.5
2002-11-24,319.4,321.3,313.35,317.7
2002-12-01,318.4,320.75,316.45,319.05
2002-12-08,319.45,328.65,314.55,325.75
2002-12-15,326.45,334.7,321,332.2
2002-12-22,332.7,347.5,328.45,341.6
2002-12-29,341.8,351.1,340.6,349.3
2003-01-05,349.5,352.25,336.35,344.5
2003-01-12,344.7,354.95,340.9,353
2003-01-19,353.3,358.9,344.9,357
2003-01-26,357.3,367.8,349.75,366
2003-02-02,367,375.75,361.95,367.5
2003-02-09,367.5,389.5,367.5,373.25
2003-02-16,373.25,379.45,347.4,354.25
2003-02-23,354.85,355.5,340.75,352.3
2003-03-02,352.5,364.7,342.7,347.65
2003-03-09,348.35,358.55,341.45,350.75
2003-03-16,351.35,355.9,330.5,335.5
2003-03-23,335.8,347.1,333.2,333.5
2003-03-30,333.6,337.5,328.75,330.75
2003-04-06,330.85,336.05,321.4,323.8
2003-04-13,324,325.4,316.9,324.8
2003-04-20,324.9,328.1,321,327
2003-04-27,327.3,337,327.3,333.25
2003-05-04,333.55,343.2,327.35,340.5
2003-05-11,341.4,348.5,339.25,347.9
2003-05-18,348.5,357.05,348.5,355
2003-05-25,355.3,374,352,370.5
2003-06-01,370.6,377.15,354.6,361.4
2003-06-08,361.5,367.75,355.6,363
2003-06-15,363.9,366.95,347.8,353.05
2003-06-22,353.35,364.65,353,358
2003-06-29,358,360.2,343.15,345.5
2003-07-06,345.5,352.9,344.2,351.3
2003-07-13,351.6,351.6,340.9,343.7
2003-07-20,344,355.45,339,344.35
2003-07-27,344.55,364.7,344.55,363
2003-08-03,363.9,366,351.35,352.35
2003-08-10,353.15,354.85,344.7,353.95
2003-08-17,354.25,369,352.15,364.5
2003-08-24,364.7,367.35,354,358.75
2003-08-31,359.45,377.8,354.5,375.6
2003-09-07,376.1,378.55,367.5,376.35
2003-09-14,377.25,384.4,371.25,378.25
2003-09-21,378.75,381.6,372.5,379.75
2003-09-28,380.25,400.9,380.25,391.85
2003-10-05,392.75,401.6,379.95,383.95
2003-10-12,384.55,384.55,368.3,370.35
2003-10-19,371.15,375.9,364.75,370.5
2003-10-26,371.4,388.35,369.7,384.6
2003-11-02,385.4,397.8,376.1,384.6
2003-11-09,385.2,391.8,374.15,381
2003-11-16,381.4,399.6,379.4,395.35
2003-11-23,395.45,404.5,387.4,393.85
2003-11-30,394.35,402.1,386.9,398.1
2003-12-07,398.7,404,392.85,402
2003-12-14,402.8,413.6,401.9,406.6
2003-12-21,407.4,412.5,399.95,408.75
2003-12-28,409.55,411.8,407.6,409.6
2004-01-04,410.5,419.55,410.5,415.2
2004-01-11,416.1,433.15,411.05,422.8
2004-01-18,422.8,429.3,409,410.3
2004-01-25,411.1,415.25,403.85,411.4
2004-02-01,411.4,421.15,397.8,401.3
2004-02-08,402.1,405.9,388.85,396.4
2004-02-15,397,419.3,397,412.1
2004-02-22,413.1,419.55,404.65,408.25
2004-02-29,409.25,410.85,390.55,395.05
2004-03-07,395.65,403.9,386.05,399.25
2004-03-14,399.25,406.5,397.55,400.75
2004-03-21,401.25,413.85,396.7,412
2004-03-28,412.1,423.3,411.05,421.5
2004-04-04,422.4,434.2,417.7,426.1
2004-04-11,427.1,427.1,413.85,419.5
2004-04-18,420.3,420.3,394,400.85
2004-04-25,401.15,406.7,389.3,394.5
2004-05-02,395.2,402.1,379.9,388.5
2004-05-09,389.1,399.1,385.5,386.85
2004-05-16,387.45,388.8,368.4,376.5
2004-05-23,377.5,387.7,376.4,385.3
2004-05-30,385.9,394,382.5,393.6
2004-06-06,394.2,401.8,382.15,388.3
2004-06-13,388.6,396.25,382.55,384.85
2004-06-20,385.75,396.3,380.85,395.1
2004-06-27,395.3,402.2,391.9,401.5
2004-07-04,401.7,408.6,391.65,397.75
2004-07-11,397.85,407.2,390.5,406.5
2004-07-18,406.8,406.95,399.4,403.15
2004-07-25,403.25,407.75,389.75,392.85
2004-08-01,393.25,395.05,383.05,387.3
2004-08-08,387.8,400.9,385.4,399
2004-08-15,399.8,400.6,391.1,396.75
2004-08-22,397.65,403.7,394.8,402.45
2004-08-29,403.45,410.4,399.5,405.1
2004-09-05,405.2,409.05,399.65,401.15
2004-09-12,401.45,407.7,391.85,401.35
2004-09-19,402.15,407.1,394.3,405.7
2004-09-26,406.5,413.45,402.2,409.45
2004-10-03,410.35,418.2,408.4,418.1
2004-10-10,418.1,423.25,410.3,421.75
2004-10-17,422.75,423.3,410.6,420.4
2004-10-24,420.8,426.1,415.6,424.1
2004-10-31,424.8,430.3,420.3,428.1
2004-11-07,429,433.7,416.9,433.2
2004-11-14,433.1,438.7,430.8,437.4
2004-11-21,437.4,448.2,435.6,446.6
2004-11-28,446,454.9,445.5,451.5
2004-12-05,451.5,456.5,446.7,455.6
2004-12-12,455.6,456,431.4,433.4
2004-12-19,433.8,442.5,433.8,440.5
2004-12-26,441.1,443.9,438.5,442.1
2005-01-02,442.2,445.2,433.3,437.9
2005-01-09,437.9,438,416.5,418.5
2005-01-16,418.6,427.6,418.5,422.5
2005-01-23,422.8,428.1,419.8,426.3
2005-01-30,426.8,427.8,420.8,425.9
2005-02-06,426,426,413.7,414
2005-02-13,414.3,421.8,410.3,420.6
2005-02-20,420.5,428.3,420.3,426.8
2005-02-27,426.8,436.4,425.8,434.5
2005-03-06,434.8,437.6,428.4,433.7
2005-03-13,433.9,447,431.9,445.5
2005-03-20,445.6,445.6,435.2,438.9
2005-03-27,438.9,438.9,424,424.3
2005-04-03,425,428.7,423.1,428
2005-04-10,425.8,428.2,422.3,426.4
2005-04-17,426.6,430.2,421.6,424.4
2005-04-24,424.5,435.4,422.9,433.7
2005-05-01,434.2,437.3,430.4,434.5
2005-05-08,434.5,434.6,423.6,425.8
2005-05-15,425.8,428.3,418.4,419.9
2005-05-22,420,422.9,416.3,417.3
2005-05-29,417.3,420.1,415.9,420
2005-06-05,420.1,424.6,413.5,423.4
2005-06-12,422.1,428,420.9,427
2005-06-19,426.6,439,423.8,437.7
2005-06-26,437.2,443.3,433.6,440
2005-07-03,439.5,440.1,426.5,426.8
2005-07-10,427.2,428.6,421.2,422.6
2005-07-17,422.6,427.2,417.7,420.8
2005-07-24,421.2,426.6,418.6,424.6
2005-07-31,424.6,430.5,421.5,429.7
2005-08-07,429.4,439.1,428.7,437
2005-08-14,436.9,449.49,432.6,446.4
2005-08-21,445.8,446.3,435.6,436.9
2005-08-28,435.8,440.6,435.5,437.1
2005-09-04,437.1,446.87,429,444.1
2005-09-11,444.1,449.7,442.6,448.7
2005-09-18,448.8,460.05,444.4,459.2
2005-09-25,459.2,475.2,458.1,463.4
2005-10-02,463.4,474.4,457.6,468.5
2005-10-09,468.7,475.7,462.9,474.4
2005-10-16,474.3,480.04,465.5,468.8
2005-10-23,469.1,475.3,459.6,466.7
2005-10-30,466.5,475.6,462.8,472.7
2005-11-06,472.7,472.9,454.8,455.85
2005-11-13,456.4,469.7,455.9,468.2
2005-11-20,468.2,488.6,466.2,485.3
2005-11-27,485.3,496.7,484.4,495.5
2005-12-04,495.5,506.3,490.5,502.9
2005-12-11,502.9,530.5,502.9,525.7
2005-12-18,526.4,540.9,492.8,502.6
2005-12-25,502.6,508.94,489.6,502.4
2006-01-01,502.5,517.7,502.4,516.5
2006-01-08,516.4,539.8,516.4,539.45
2006-01-15,539.2,557.5,535,555.5
2006-01-22,555.5,567.8,539,553
2006-01-29,553.2,566.4,550.9,558.75
2006-02-05,558.9,575.03,557.7,566.8
2006-02-12,567,573.6,544.73,549.9
2006-02-19,549.8,554.2,534.4,551.6
2006-02-26,552.3,559.2,546.7,558.4
2006-03-05,558.4,570.2,552.1,565.9
2006-03-12,564.9,568.1,533.7,539.8
2006-03-19,540.3,557.4,540,554
2006-03-26,553.5,560.9,544.2,559.85
2006-04-02,559.9,588.7,558.1,580.9
2006-04-09,582.73,598.04,581.3,587.8
2006-04-16,590.5,603.78,589.73,595.9
2006-04-23,599,645.63,599,635.23
2006-04-30,633.3,655.5,617.45,649.95
2006-05-07,653.55,684.55,651.3,682.1
2006-05-14,681.7,730,671.25,709.9
2006-05-21,713.9,719.85,650.9,658.33
2006-05-28,657,674.1,635.6,651.8
2006-06-04,650.8,664.8,618.55,635.3
2006-06-11,637.5,645.15,603.8,606.95
2006-06-18,605.25,611.2,542.4,581
2006-06-25,579,594.8,560.7,582.8
2006-07-02,583.3,615.5,576.8,614.1
2006-07-09,617.9,636.9,616.3,632.7
2006-07-16,628.9,667.6,620,666.5
2006-07-23,669.8,676,615.5,620
2006-07-30,618.2,641.4,601.9,634.4
2006-08-06,636.6,656.08,628.3,644.5
2006-08-13,644.9,655,625.98,632.61
2006-08-20,627.8,632.8,607,612
2006-08-27,614.4,629.5,613.2,622.75
2006-09-03,622.4,627.45,607.1,624.33
2006-09-10,625.4,640.1,605.8,610.1
2006-09-17,606.75,608,570.75,577.9
2006-09-24,582.7,592.4,572.2,588.5
2006-10-01,587.55,606.7,582,598.6
2006-10-08,598.5,603.65,559.4,572.95
2006-10-15,574.3,590,568.9,589.2
2006-10-22,592.5,602.3,585.9,592.2
2006-10-29,591.9,599.5,573.3,597.6
2006-11-05,598.4,628.98,597.8,627.1
2006-11-12,626.9,636.4,614.2,627.7
2006-11-19,628.15,632.45,614.6,621.3
2006-11-26,621.35,639.8,619.95,637.7
2006-12-03,638.6,649.35,632.85,645.75
2006-12-10,646.95,648.55,624.95,626.1
2006-12-17,624.4,630.83,614.1,615
2006-12-24,614.8,624.23,611.5,620.3
2006-12-31,623.59,636.4,622.5,635.7
2007-01-07,636.2,644.55,601.9,606.3
2007-01-14,607.9,627.25,604.3,625.9
2007-01-21,625.8,636.1,619.9,635
2007-01-28,635.25,654.2,631.7,644.4
2007-02-04,647.3,661,640.5,646.4
2007-02-11,648.2,668.3,645.8,667.3
2007-02-18,666.8,671.8,659.7,667.8
2007-02-25,668.2,687.8,655.6,681.7
2007-03-04,682.8,688.5,640.1,642.63
2007-03-11,642.83,657.55,632.6,647.9
2007-03-18,648.9,655,636.4,652
2007-03-25,653.7,666.48,651.6,657.1
2007-04-01,657.15,668.9,655.4,663.4
2007-04-08,664.35,675.03,656.5,673.83
2007-04-15,673.2,685.1,669.9,684.1
2007-04-22,686.7,693.5,678.7,692.3
2007-04-29,693.23,693.8,670.8,680.1
2007-05-06,680.85,689.9,667.4,686.7
2007-05-13,688.54,690.1,664.2,670.5
2007-05-20,671.3,674.75,654.8,661.1
2007-05-27,663,665.1,651.6,654.7
2007-06-03,655.4,671.4,651.95,670.9
2007-06-10,671,673.75,643.9,647.2
2007-06-17,649.2,655.48,643,655.05
2007-06-24,656,661.7,647.5,653
2007-07-01,653.6,653.7,639.8,649.7
2007-07-08,650.85,658.5,644.9,653.5
2007-07-15,656.2,669,653.7,666.3
2007-07-22,666.85,686.3,662.3,683.5
2007-07-29,683.6,687.05,656.8,660.15
2007-08-05,661.6,673.2,659.1,673.2
2007-08-12,674.8,676.55,658.2,671.5
2007-08-19,671.95,672,642,656.9
2007-08-26,656.45,668.4,653.2,667.7
2007-09-02,668.1,674.3,660.9,672.5
2007-09-09,672.4,706.4,671.3,700.7
2007-09-16,699.7,717,698.9,708.15
2007-09-23,706.6,739.5,706.3,732.1
2007-09-30,730.35,745.5,721.7,744.8
2007-10-07,743.4,747.65,720.8,741.5
2007-10-14,740.8,753.4,726.9,748.3
2007-10-21,748.2,770.9,747.4,765.3
2007-10-28,766.7,785.4,745.4,784.05
2007-11-04,789.3,808,776.6,804.9
2007-11-11,804.35,845.45,800.5,832.6
2007-11-18,828.78,830.55,782.6,786.4
2007-11-25,789.3,825.54,772.74,822.65
2007-12-02,825.33,836.69,779.08,784.46
2007-12-09,785.76,806.6,777,795.4
2007-12-16,795.52,816.85,788,792.72
2007-12-23,794.96,811.96,785.31,811.4
2007-12-30,810.1,839.72,807.9,839.03
2008-01-06,842.3,868.91,830,861.2
2008-01-13,861.9,897.8,855.1,895.82
2008-01-20,897.1,914.12,870.08,882.3
2008-01-27,881.28,923.44,849.1,909.88
2008-02-03,915.3,936.79,904.68,905.98
2008-02-10,908.9,920.12,884.6,918.58
2008-02-17,922.45,927,896.58,904.2
2008-02-24,903.2,953.8,899.8,943.2
2008-03-02,947.15,976,926.48,970.4
2008-03-09,976.3,992.38,958.7,971.54
2008-03-16,974.7,1006.4,960.99,998.9
2008-03-23,1004,1032.3,904.8,914.46
2008-03-30,912.95,954.8,906.1,931.53
2008-04-06,927.92,940.56,872.38,908.36
2008-04-13,914.8,939.52,902.8,924.93
2008-04-20,920.58,952.8,904.4,916.2
2008-04-27,917.9,928.6,877.74,888.9
2008-05-04,887.2,895.48,845.51,856.65
2008-05-11,860.9,889.54,859.95,886.3
2008-05-18,885.15,904.8,859.98,900.6
2008-05-25,904.8,935.15,900.6,925.29
2008-06-01,924.2,930.74,870.7,886.96
2008-06-08,886.85,899.16,864.7,895.7
2008-06-15,903.98,909.12,857.55,870.4
2008-06-22,871.4,907.78,866.45,901.13
2008-06-29,904.56,930.7,873.48,929.69
2008-07-06,927.75,946.41,918.84,932.6
2008-07-13,931.65,967.7,912.6,961.96
2008-07-20,963.85,987.9,950.1,954
2008-07-27,955.4,975.5,917.1,927.97
2008-08-03,928.24,933.1,894.45,909.64
2008-08-10,912.2,915.4,850.5,857.1
2008-08-17,861.5,865.4,772.55,785.28
2008-08-24,793.8,838.3,782.25,827.43
2008-08-31,822.6,843.97,806.65,830.25
2008-09-07,833.7,835.5,789.25,801
2008-09-14,810.55,817.7,735.9,760.22
2008-09-21,778.7,918.3,763.75,858.5
2008-09-28,878.18,910.12,862.48,884.2
2008-10-05,870.55,913.8,817.8,830.55
2008-10-12,830.45,931.6,824.5,840.28
2008-10-19,856.64,872.12,771.3,788.45
2008-10-26,785.9,809.55,681.45,733.42
2008-11-02,739.94,777.1,706.35,724.93
2008-11-09,729.3,765.45,721.6,733.64
2008-11-16,749.62,767,700.4,743.45
2008-11-23,739.86,799.7,730.7,795.3
2008-11-30,802.87,830.05,786.4,817.9
2008-12-07,816.26,816.61,741.8,755.83
2008-12-14,759.02,834.48,759.02,818.84
2008-12-21,827.1,879.2,822.05,839.36
2008-12-28,839.9,872.97,830.2,864.55
2009-01-04,877.1,889.68,856.58,876.34
2009-01-11,881.23,884.24,836.3,856.52
2009-01-18,852.03,853.7,802.84,839.28
2009-01-25,841.73,902.4,823.53,895.88
2009-02-01,897.3,929.34,874,928.08
2009-02-08,926.8,926.8,889.38,913.3
2009-02-15,906.13,951.68,890.55,939.76
2009-02-22,941.18,1006.1,936,997.37
2009-03-01,996.24,998.02,928.2,938.96
2009-03-08,948.99,958.12,905.04,940.1
2009-03-15,938.53,941.94,891.65,928.13
2009-03-22,925.78,966.9,883.74,952.94
2009-03-29,952.15,956.9,916.76,922.8
2009-04-05,923.9,931.84,895.1,895.91
2009-04-12,892.22,893.98,865.15,881.65
2009-04-19,884.34,899.7,865.16,866.59
2009-04-26,868.56,913.68,864.78,911.8
2009-05-03,916.3,918.1,879.9,885.5
2009-05-10,887,924.94,885.62,914.65
2009-05-17,915.68,933.96,908.62,928.3
2009-05-24,930.95,961.46,917.35,957.95
2009-05-31,957.05,980.17,941.21,975.92
2009-06-07,976.29,989.7,954.3,960.82
2009-06-14,953.39,965.17,936.96,939.5
2009-06-21,935.08,941.71,925.9,934.1
2009-06-28,933.65,948.24,913.3,940.05
2009-07-05,936.25,944.83,923.6,932
2009-07-12,929.8,931.78,904.95,913
2009-07-19,914.15,941.61,907.85,938.28
2009-07-26,937.48,957.27,937.48,952.25
2009-08-02,950.1,958.59,925.65,953.9
2009-08-09,952.86,971.4,951.01,954.9
2009-08-16,954.58,960.41,939.95,946.22
2009-08-23,947.28,957.7,930.22,953.08
2009-08-30,953.6,960.1,936.68,956.97
2009-09-06,954.6,997.19,943.68,991.78
2009-09-13,994.42,1011.4,983.02,1003.9
2009-09-20,1006.2,1024,992.26,1009.4
2009-09-27,1003.7,1019.3,985,990.91
2009-10-04,993.35,1009.7,985.07,1002.4
2009-10-11,1001.7,1061.3,1001,1046.8
2009-10-18,1052.9,1070.6,1043.1,1052.35
2009-10-25,1055,1067.8,1047.9,1055.9
2009-11-01,1053.1,1059.3,1027,1041
2009-11-08,1042.4,1100.3,1042.4,1093.8
2009-11-15,1097.4,1122.7,1095.8,1115.5
2009-11-22,1124.6,1152.1,1123,1148.3
2009-11-29,1158.2,1195.1,1137.4,1176.6
2009-12-06,1171.4,1226.2,1157,1159.5
2009-12-13,1157.6,1168.7,1109.4,1116
2009-12-20,1112.8,1141.5,1097,1108.5
2009-12-27,1115.1,1118.1,1074.5,1104.6
2010-01-03,1107.9,1113.6,1086.1,1096.6
2010-01-10,1095.2,1139.88,1094.2,1137
2010-01-17,1138.25,1160.95,1118.03,1130.25
2010-01-24,1130.83,1140.78,1081.43,1092.3
2010-01-31,1092.68,1103.38,1073.28,1080.05
2010-02-07,1080.38,1124.22,1043.72,1065.3
2010-02-14,1065.88,1096.78,1060.9,1092.55
2010-02-21,1092.03,1126.15,1090.83,1118.45
2010-02-28,1121.25,1130.18,1087.43,1116.85
2010-03-07,1118.6,1144.08,1111.22,1133.9
2010-03-14,1135.2,1136.83,1097.93,1100.85
2010-03-21,1102.8,1132.47,1100.45,1105.95
2010-03-28,1103.05,1108.78,1084.28,1106.47
2010-04-04,1110.9,1127.08,1100.83,1119.95
2010-04-11,1123.1,1163.83,1121.8,1160.95
2010-04-18,1162.45,1168.93,1129.13,1136.45
2010-04-25,1133.6,1157,1122.93,1156.8
2010-05-02,1156.25,1180.78,1145.72,1178.05
2010-05-09,1179.15,1212.53,1156.97,1207.1
2010-05-16,1205.35,1248.7,1183.4,1231.15
2010-05-23,1231.1,1241.3,1166.1,1176.13
2010-05-30,1177.35,1217.55,1176.65,1213.38
2010-06-06,1213.75,1227.95,1196,1218.85
2010-06-13,1218.88,1250.9,1209.93,1225.55
2010-06-20,1226.6,1261.43,1215.8,1255.88
2010-06-27,1258.82,1264.2,1224.2,1254.5
2010-07-04,1253.85,1261.53,1195.78,1210.45
2010-07-11,1212.1,1213.5,1184.2,1210.6
2010-07-18,1211.5,1217.05,1185.85,1192.1
2010-07-25,1193.1,1203.2,1174.9,1188.28
2010-08-01,1187.2,1193.53,1156.6,1180.3
2010-08-08,1181.15,1210,1173.55,1204.55
2010-08-15,1204.05,1216.7,1190.1,1214.6
2010-08-22,1213.7,1236.3,1213.45,1227.05
2010-08-29,1226.4,1243.53,1209.65,1237.15
2010-09-05,1236.3,1253.9,1230.7,1245.9
2010-09-12,1247.75,1261.25,1236.1,1245.65
2010-09-19,1245.2,1282.7,1240.45,1273.95
2010-09-26,1276.7,1299.65,1271.3,1296.2
2010-10-03,1297.1,1320,1282.5,1318.7
2010-10-10,1317.7,1364.5,1312.2,1342.8
2010-10-17,1347.9,1386.95,1340.25,1368.35
2010-10-24,1370.35,1374.75,1314.7,1328.25
2010-10-31,1328.75,1359.05,1319.05,1359.05
2010-11-07,1363.6,1397.95,1325.35,1393.3
2010-11-14,1396.7,1424.1,1360.1,1368.25
2010-11-21,1370,1376.45,1329.65,1353.2
2010-11-28,1357.45,1382.2,1348.35,1363.05
2010-12-05,1362.9,1415.55,1352.8,1413.45
2010-12-12,1413.8,1430.6,1370.9,1385.25
2010-12-19,1383.75,1408.05,1361.85,1374.9
2010-12-26,1375.75,1391.8,1372.15,1378.25
2011-01-02,1377.45,1420.95,1372.35,1420.55
2011-01-09,1419,1423.5,1354.3,1364.7
2011-01-16,1371,1392.8,1355.1,1360.9
2011-01-23,1362.3,1378.87,1337.91,1342.1
2011-01-30,1342.93,1353.31,1308.26,1336.7
2011-02-06,1338.4,1358,1323.19,1348.96
2011-02-13,1347.42,1368.25,1343.74,1356.71
2011-02-20,1357.09,1391.84,1353.97,1390.45
2011-02-27,1391.42,1418.2,1390.22,1410.35
2011-03-06,1410.55,1440.42,1405.1,1431.15
2011-03-13,1434.6,1444.86,1403.15,1417.94
2011-03-20,1431.14,1431.37,1381.26,1420.02
2011-03-27,1425.76,1447.86,1419.6,1429.9
2011-04-03,1427.7,1439.46,1410.41,1428.9
2011-04-10,1428.9,1475.27,1428.11,1475.1
2011-04-17,1475.38,1488.4,1444.25,1486.6
2011-04-24,1486.75,1509.22,1477.62,1504.34
2011-05-01,1510.72,1569.41,1493.21,1563.45
2011-05-08,1566.32,1576.9,1462.65,1495.6
2011-05-15,1495.5,1526.67,1478.26,1495.25
2011-05-22,1495.2,1515.89,1472.12,1512.05
2011-05-29,1513.02,1538.47,1504.05,1536.26
2011-06-05,1536.72,1550.47,1519.72,1542.15
2011-06-12,1542.41,1553.69,1526.05,1531.3
2011-06-19,1530.25,1542.13,1511.07,1539.4
2011-06-26,1539.87,1558.23,1498.58,1502.75
2011-07-03,1501.42,1514.33,1478.35,1487.75
2011-07-10,1486.82,1545.52,1486.34,1544.2
2011-07-17,1545.87,1594.25,1540.83,1593.75
2011-07-24,1593.93,1610.2,1581.2,1601.25
2011-07-31,1608.47,1632.65,1603.3,1624.85
2011-08-07,1610.15,1681.9,1609,1661.05
2011-08-14,1689.95,1814.99,1682.55,1746.6
2011-08-21,1745,1877.51,1728.63,1852.05
2011-08-28,1861.15,1912.14,1703.27,1828.2
2011-09-04,1837.95,1884.53,1776.33,1882.85
2011-09-11,1878.05,1921.07,1793.12,1856.5
2011-09-18,1856.85,1862.33,1762.76,1811.41
2011-09-25,1817.96,1827.11,1628.69,1644.1
2011-10-02,1657.07,1677.13,1533.19,1623.83
2011-10-09,1620.28,1678.43,1595.76,1638.16
2011-10-16,1639.51,1691.98,1638.34,1680.83
2011-10-23,1682.96,1695.08,1603.32,1641.67
2011-10-30,1642.16,1752.59,1635.69,1743.3
2011-11-06,1743.17,1768.08,1681.39,1754.84
2011-11-13,1753.86,1803.1,1736.05,1788.36
2011-11-20,1788.76,1796.12,1710.62,1724
2011-11-27,1723.35,1726.53,1666.8,1680.46
2011-12-04,1680.58,1762.55,1680.58,1746.65
2011-12-11,1747.45,1755.98,1702.18,1711.41
2011-12-18,1712.69,1714.93,1560.55,1598.98
2011-12-25,1601.25,1641.89,1583.5,1606.91
2012-01-01,1607.41,1607.41,1522.86,1564.81
2012-01-08,1569.36,1630.84,1567.14,1617.55
2012-01-15,1617.18,1662.09,1605.39,1639.48
2012-01-22,1635.31,1670.2,1631.77,1666.58
2012-01-29,1665.09,1739.65,1649.22,1739.26
2012-02-05,1736.79,1763.3,1716.55,1726.18
2012-02-12,1728.34,1752.24,1704.67,1721.72
2012-02-19,1725.08,1737.36,1705.67,1723.23
2012-02-26,1726.71,1787.46,1726.63,1772.31
2012-03-04,1775.01,1790.71,1688.75,1712.46
2012-03-11,1712.58,1716.79,1663.68,1713.98
2012-03-18,1714.07,1714.35,1634.68,1659.91
2012-03-25,1658.77,1669.86,1628.22,1661.92
2012-04-01,1662.86,1697.1,1645.23,1668.28
2012-04-08,1670.22,1683.7,1612.53,1631.23
2012-04-15,1643.31,1680.23,1632.04,1658.41
2012-04-22,1655.93,1657.84,1631.48,1642.97
2012-04-29,1642.15,1666.6,1623.58,1662.3
2012-05-06,1663.7,1670.8,1626.9,1641.8
2012-05-13,1638.3,1642.1,1573.47,1578.93
2012-05-20,1581.24,1597.02,1526.63,1592.44
2012-05-27,1592.57,1598.77,1533.45,1572.82
2012-06-03,1574.91,1628.58,1533.45,1621.81
2012-06-10,1619.61,1639.2,1556.89,1592.08
2012-06-17,1598.52,1631.79,1580.59,1624.69
2012-06-24,1614.34,1631.53,1556.74,1571.8
2012-07-01,1566.72,1605.41,1546.56,1596.95
2012-07-08,1597.51,1624.07,1576.37,1583.15
2012-07-15,1578.18,1600.38,1554.26,1589.4
2012-07-22,1591.33,1598.33,1567.73,1584.1
2012-07-29,1580.92,1628.82,1563.23,1622.5
2012-08-05,1623.68,1627.26,1584.69,1603.05
2012-08-12,1603.12,1625.8,1602.99,1619.75
2012-08-19,1620.98,1625.16,1590.21,1615.55
2012-08-26,1616.83,1674.5,1609.84,1670.15
2012-09-02,1673.75,1692.58,1646.72,1691.61
2012-09-09,1687.75,1741.09,1685.17,1734.85
2012-09-16,1733.35,1777.45,1719.33,1769.5
2012-09-23,1774.43,1787.2,1752.28,1772.81
2012-09-30,1770.13,1782.83,1736.75,1771.25
2012-10-07,1765.4,1795.54,1763,1779.7
2012-10-14,1776.7,1779.35,1751.82,1753.5
2012-10-21,1743.65,1753.12,1716.17,1720.75
2012-10-28,1715.77,1729.05,1698.26,1710.6
2012-11-04,1714.37,1726.51,1674.27,1677.46
2012-11-11,1682.11,1738.08,1672.29,1730.75
2012-11-18,1733.83,1737.59,1704.68,1713.35
2012-11-25,1716.68,1753.92,1715.75,1750.76
2012-12-02,1749.97,1751.77,1705.55,1714.4
2012-12-09,1716.72,1721.98,1683.49,1703.65
2012-12-16,1704.66,1722.95,1689.27,1695.7
2012-12-23,1694.36,1702.75,1635.29,1656.75
2012-12-30,1656.02,1667.71,1651.65,1655.07
2013-01-06,1657.99,1694.47,1625.44,1655.7
2013-01-13,1657.1,1678.44,1642.52,1662.4
2013-01-20,1661.47,1696.09,1660.74,1683.3
2013-01-27,1687.07,1695.67,1655.58,1658.3
2013-02-03,1658.47,1683.36,1651.57,1667.05
2013-02-10,1665.42,1684.55,1661.46,1666.8
2013-02-17,1667.43,1669.2,1597.71,1609.7
2013-02-24,1615.12,1618.43,1554.73,1581.15
2013-03-03,1576.71,1619.43,1564.48,1575.65
2013-03-10,1580.21,1585.97,1561.14,1578.24
2013-03-17,1576.5,1598.72,1575.67,1591.76
2013-03-24,1600.74,1616.23,1591.2,1608.21
2013-03-31,1605.36,1613.18,1589.61,1596.65
2013-04-07,1595.77,1603.47,1539.78,1580.75
2013-04-14,1580.68,1589.9,1481.22,1482.8
2013-04-21,1484.87,1495.14,1321.42,1403.1
2013-04-28,1406.44,1484.95,1403.45,1461.3
2013-05-05,1462.07,1487.53,1440.2,1470.16
2013-05-12,1469.72,1478.46,1419.57,1443.85
2013-05-19,1440.15,1445.39,1349.53,1355.58
2013-05-26,1347.45,1413.9,1338.06,1383.61
2013-06-02,1386.7,1421.7,1373.62,1385.08
2013-06-09,1392.04,1423.15,1377.88,1382.45
2013-06-16,1385.58,1394.74,1365.97,1390.32
2013-06-23,1389.46,1391.87,1269.38,1294.01
2013-06-30,1300.65,1301.46,1180.16,1232.63
2013-07-07,1243.09,1267.17,1208.27,1222.95
2013-07-14,1222.87,1298.46,1215.66,1284.14
2013-07-21,1291.09,1300.41,1270.33,1294.59
2013-07-28,1311.69,1346.64,1308.92,1332.81
2013-08-04,1332.32,1338.72,1283.31,1307.67
2013-08-11,1312.13,1320.67,1272.95,1312.92
2013-08-18,1329.76,1379.42,1315.9,1372.75
2013-08-25,1377.33,1399.93,1352.33,1396.26
2013-09-01,1401.76,1433.6,1389.31,1393.98
2013-09-08,1381.53,1416.06,1359.21,1389.16
2013-09-15,1388.01,1391.86,1304.75,1323.42
2013-09-22,1326.71,1375.2,1291.83,1326.2
2013-09-29,1329.39,1343.88,1305.65,1336.05
2013-10-06,1342.85,1343.1,1277.26,1310.56
2013-10-13,1314.72,1329.56,1261.7,1270.16
2013-10-20,1273.05,1326.85,1251.81,1314.59
2013-10-27,1318.1,1355.59,1310,1351.47
2013-11-03,1349.02,1361.65,1306,1315.81
2013-11-10,1313.92,1326.25,1281.18,1287.77
2013-11-17,1285.98,1294.07,1261.45,1288.06
2013-11-24,1287.75,1288.25,1236.81,1243.17
2013-12-01,1241.16,1255.03,1226.67,1253.78
2013-12-08,1247.97,1251.29,1211.63,1228.67
2013-12-15,1228.15,1267.64,1220.49,1237.5
2013-12-22,1235.72,1251.91,1187.18,1202.09
2013-12-29,1203.62,1219.1,1192.67,1214.05
2014-01-05,1213.2,1240.18,1182.1,1237.11
2014-01-12,1233.99,1248.67,1213.11,1247
2014-01-19,1248.35,1255.06,1234.33,1253.87
2014-01-26,1257.6,1272.57,1231.38,1268.39
2014-02-02,1274.61,1275,1238.09,1244.75
2014-02-09,1243.9,1274.12,1240.82,1266.94
2014-02-16,1265.72,1321.02,1265.07,1318.57
2014-02-23,1322.41,1329.83,1307.37,1323.58
2014-03-02,1324.6,1345.24,1318.82,1323.58
2014-03-09,1341.9,1354.53,1328.43,1338.98
2014-03-16,1336.41,1387.72,1327.81,1381.2
2014-03-23,1388.08,1388.34,1320.29,1332.92
2014-03-30,1331.76,1334.1,1285.75,1292.76
2014-04-06,1295.05,1306.49,1277.69,1303.18
2014-04-13,1301.95,1324.73,1295.45,1317.7
2014-04-20,1326.97,1331.01,1284.93,1295.11
2014-04-27,1292.04,1304.83,1268.55,1302.15
2014-05-04,1303.83,1306.38,1274.9,1298.24
2014-05-11,1300.27,1315.57,1285.04,1288.59
2014-05-18,1282.94,1308.81,1281.97,1292.97
2014-05-25,1291.11,1305.16,1283.37,1292.62
2014-06-01,1291.58,1294.06,1242.25,1250.55
2014-06-08,1248.06,1257.57,1240.7,1252.61
2014-06-15,1253.06,1277.88,1251.21,1276.62
2014-06-22,1278.19,1321.35,1258.67,1313.97
2014-06-29,1313.21,1325.85,1306.27,1315.78
2014-07-06,1315.45,1333.09,1309.7,1320.16
2014-07-13,1318.18,1344.83,1311.6,1337.48
2014-07-20,1338.57,1339,1292.21,1310.42
2014-07-27,1311.77,1318.28,1287.46,1307.01
2014-08-03,1306.79,1311.98,1280.47,1292.72
2014-08-10,1293.41,1322.44,1282.52,1311.48
2014-08-17,1310.9,1319.22,1292.38,1304.03
2014-08-24,1302.45,1303.47,1272.9,1280.37
2014-08-31,1279.15,1296.3,1274.28,1287.12
2014-09-07,1286.41,1289.9,1257.62,1268.49
2014-09-14,1267.81,1271.8,1227.58,1230.42
2014-09-21,1227.94,1241.77,1213.81,1217.64
2014-09-28,1216.02,1234.92,1206.86,1217.46
2014-10-05,1216.96,1223.2,1190.03,1191.74
2014-10-12,1188.25,1233.33,1182.87,1223.1
2014-10-19,1230.63,1249.7,1221.7,1237.64
2014-10-26,1236.07,1255.02,1226.35,1230.93
2014-11-02,1228.83,1235.45,1161.18,1171.85
2014-11-09,1166.33,1177.05,1131.78,1174.92
2014-11-16,1169.21,1193.31,1146.11,1190.73
2014-11-23,1184.69,1207.71,1175.45,1200.86
2014-11-30,1201.68,1203.41,1165.04,1168.85
2014-12-07,1150.35,1220.62,1146.55,1191.45
2014-12-14,1188.78,1237.98,1188.39,1221.48
2014-12-21,1223.82,1223.89,1183.58,1194.7
2014-12-28,1195.03,1201.47,1170.57,1195.31
2015-01-04,1193.5,1209.25,1167.69,1187.4
2015-01-11,1186.14,1222.12,1186.14,1220.73
2015-01-18,1224.12,1281.76,1218.62,1275.25
2015-01-25,1278.64,1306.43,1272.08,1293.82
2015-02-01,1295.35,1298.89,1251.91,1283.8
2015-02-08,1280.54,1285.06,1228.3,1235.26
2015-02-15,1235.61,1245.63,1216.5,1228.44
2015-02-22,1230.78,1236.1,1197.38,1201.11
2015-03-01,1201.79,1219.67,1190.43,1211.57
2015-03-08,1215.52,1223,1163.52,1165.53
2015-03-15,1170.72,1175.05,1147.33,1157.34
2015-03-22,1155.45,1188.08,1142.73,1182.55
2015-03-29,1185.99,1219.68,1179.61,1198.78
2015-04-05,1197.81,1208.78,1178.75,1202.86
2015-04-12,1218.09,1224.45,1193.1,1208.56
2015-04-19,1207.97,1209.75,1184.31,1204.81
2015-04-26,1205.6,1209.36,1175.51,1178.99
2015-05-03,1179.99,1215.28,1170.18,1177.85
2015-05-10,1178.52,1199.99,1178.18,1188.37
2015-05-17,1189.91,1227.37,1179.21,1225.13
2015-05-24,1224.25,1232.54,1201.91,1205.67
2015-05-31,1204.61,1208.93,1181.13,1190.22
2015-06-07,1192.49,1204.49,1163.05,1171.2
2015-06-14,1170.63,1192.56,1169.95,1181.35
2015-06-21,1184.95,1205.79,1173.07,1201.19
2015-06-28,1198.68,1200.26,1169.27,1174.78
2015-07-05,1184.16,1187.78,1157.43,1168.83
2015-07-12,1173.45,1174.62,1147.5,1162.78
2015-07-19,1163.01,1164.5,1131.43,1134.11
2015-07-26,1132.49,1133.24,1077.64,1098.97
2015-08-02,1096.53,1105.27,1080.28,1095.23
2015-08-09,1095.22,1099.76,1081.32,1092.48
2015-08-16,1092.51,1126.81,1090.03,1115.41
2015-08-23,1114.84,1168.54,1110.02,1159.56
2015-08-30,1162.19,1170.18,1118.03,1134.33
2015-09-06,1132.61,1147.98,1117.57,1122.28
2015-09-13,1123.11,1126.81,1099.05,1107.98
2015-09-20,1106.36,1141.9,1102.81,1139.55
2015-09-27,1137.81,1156.9,1121.64,1146.81
2015-10-04,1147.09,1148.49,1104.97,1137.99
2015-10-11,1138.27,1159.9,1130.42,1157.58
2015-10-18,1156.11,1191.63,1152.16,1176.38
2015-10-25,1176.9,1180.88,1159.26,1165.02
2015-11-01,1163.54,1183.03,1139.59,1142.22
2015-11-08,1140.95,1143.2,1085.78,1088.36
2015-11-15,1089.94,1095.83,1074.51,1082.07
2015-11-22,1090.33,1098.24,1065,1077.73
2015-11-29,1075.84,1081.27,1052.87,1058.63
2015-12-06,1057.57,1089.09,1046.64,1087.07
2015-12-13,1084.64,1086.88,1062.79,1077.26
2015-12-20,1072.81,1078.58,1048.03,1066.65
2015-12-27,1064.42,1081.86,1064.19,1076.88
2016-01-03,1076.6,1076.64,1058.81,1061.46
2016-01-10,1064.65,1110.16,1062.61,1103.96
2016-01-17,1106.95,1108.49,1071.68,1088.11
2016-01-24,1091,1109.22,1083.21,1097.66
2016-01-31,1098.47,1128.11,1098.14,1117.69
2016-02-07,1117.94,1174.79,1117.23,1173.45
2016-02-14,1167.24,1263.13,1164.57,1238.61
2016-02-21,1232.78,1240.02,1191.19,1229.46
2016-02-28,1224.08,1253.41,1202.27,1224.01
2016-03-06,1222.41,1279.97,1220.46,1261.55
2016-03-13,1264.23,1283.04,1237.15,1250.22
2016-03-20,1251.21,1271.2,1226.27,1255.67
2016-03-27,1255.64,1260.18,1212.96,1217.18
2016-04-03,1216.39,1244.24,1208.64,1223.75
2016-04-10,1220.54,1243.49,1214.76,1239.8
2016-04-17,1240.25,1262.74,1223.99,1234.26
2016-04-24,1235.11,1270.35,1227.71,1233.84
2016-05-01,1233.28,1296.74,1230.39,1293.03
2016-05-08,1291.31,1303.89,1269.26,1288.89
2016-05-15,1285.16,1287.83,1257.42,1273.9
2016-05-22,1271.87,1288.87,1244.42,1252.7
2016-05-29,1251.07,1256.24,1207.19,1210.39
2016-06-05,1213.08,1244.62,1200.21,1244.37
2016-06-12,1243.15,1278.2,1234.92,1274.55
2016-06-19,1275.98,1315.67,1272.83,1298.62
2016-06-26,1289.06,1358.61,1245.58,1318.56
2016-07-03,1320.17,1344.81,1305.81,1343.61
2016-07-10,1342.73,1375.42,1335.6,1366.65
2016-07-17,1367.9,1375.26,1320.29,1329.15
2016-07-24,1332,1337.75,1311.12,1323.44
2016-07-31,1322.76,1355.23,1312.58,1352.15
2016-08-07,1348.65,1367.57,1335.09,1336.76
2016-08-14,1335.53,1357.48,1330.18,1335.05
2016-08-21,1338.44,1358.39,1335.81,1340.55
2016-08-28,1340.48,1344.52,1317.95,1320.89
2016-09-04,1320.65,1329.8,1302.46,1325.34
2016-09-11,1324.3,1352.4,1321.74,1329.23
2016-09-18,1327.78,1331.83,1306.39,1311.2
2016-09-25,1309.76,1343.46,1308.05,1337.64
2016-10-02,1336.83,1341.9,1313.38,1317.57
2016-10-09,1318.24,1319.45,1241.28,1254.97
2016-10-16,1256.61,1264.74,1246.54,1251.72
2016-10-23,1251.46,1274.06,1250.18,1266.81
2016-10-30,1265.64,1284.02,1260.27,1274.68
2016-11-06,1277.51,1307.6,1271.15,1304.29
2016-11-13,1292.61,1335.39,1219.1,1227.54
2016-11-20,1227.78,1232.86,1203.01,1207.87
2016-11-27,1207.7,1220.83,1171.3,1184.27
2016-12-04,1185.14,1197.69,1160.92,1175.78
2016-12-11,1180.61,1188.11,1156.55,1158.9
2016-12-18,1159.69,1165.77,1123.04,1133.6
2016-12-25,1134.26,1142.44,1125.92,1131.77
2017-01-01,1133.96,1163.25,1131.82,1150.91
2017-01-08,1150.53,1184.97,1146.18,1172.3
2017-01-15,1172.76,1207.07,1172.1,1198.39
2017-01-22,1197.51,1218.86,1195.95,1207.68
2017-01-29,1209.47,1220.04,1181.15,1190.91
2017-02-05,1192.46,1225.33,1188.36,1219.27
2017-02-12,1219.9,1244.74,1219.4,1233.81
2017-02-19,1232.91,1243.86,1216.82,1236.12
2017-02-26,1235.3,1260.19,1226.21,1256.68
2017-03-05,1258.45,1263.94,1223.23,1234.3
2017-03-12,1234.3,1236.9,1195.26,1204.45
2017-03-19,1206,1233.46,1197.48,1229.42
2017-03-26,1230.59,1253.31,1227,1243.73
2017-04-02,1246.29,1261.1,1240.04,1247.31
2017-04-09,1250.51,1270.87,1243.94,1254.75
2017-04-16,1254.06,1288.62,1247.28,1286.99
2017-04-23,1290.47,1295.54,1274.41,1284.94
2017-04-30,1275.39,1278.24,1260.16,1268.16
2017-05-07,1268.39,1271.2,1225.82,1229.41
2017-05-14,1221.59,1236.61,1214.33,1228.01
2017-05-21,1228.37,1265.06,1227.13,1255.14
2017-05-28,1257.53,1269.55,1248.02,1267.36
2017-06-04,1267.63,1279.15,1259.6,1278.29
2017-06-11,1280.4,1296,1264.74,1267.65
2017-06-18,1267.48,1280.41,1251.52,1254.55
2017-06-25,1254.09,1258.86,1241.43,1255.86
2017-07-02,1257.36,1258.21,1236.7,1241.38
2017-07-09,1241.81,1242.8,1207.42,1211.97
2017-07-16,1213.2,1232.85,1204.97,1228.47
2017-07-23,1229.4,1255.83,1228.41,1254.29
2017-07-30,1255.69,1270.91,1243.9,1269.18
2017-08-06,1270.35,1274,1254.4,1258.82
2017-08-13,1259.1,1291.74,1251.67,1290.96
2017-08-20,1290.26,1300.77,1267.4,1286.6
2017-08-27,1282.96,1294.02,1276.56,1291.08
2017-09-03,1292.29,1328.9,1292,1325.67
2017-09-10,1335.99,1357.56,1326.53,1346.54
2017-09-17,1334.21,1340.15,1316.12,1320.91
2017-09-24,1320.11,1320.11,1288.3,1297.19
2017-10-01,1297.97,1313.64,1277.91,1280.59
2017-10-08,1280.04,1282.17,1260.69,1274.88
2017-10-15,1276.41,1303.88,1275.4,1303.5
2017-10-22,1303.39,1306.09,1276.84,1280.68
2017-10-29,1278.49,1283.73,1263.89,1273.25
2017-11-05,1272.74,1284.2,1265.71,1269.96
2017-11-12,1270.24,1288.33,1266.27,1275.9
2017-11-19,1275.07,1296.95,1270.1,1293.76
2017-11-26,1293.16,1294.89,1274.69,1288.59
2017-12-03,1289.24,1299.25,1270.41,1280.78
2017-12-10,1274.8,1277.21,1244.03,1248.02
2017-12-17,1248.52,1261.9,1236.57,1255.77
2017-12-24,1254.99,1276.18,1252.84,1274.12
2017-12-31,1275.07,1307.63,1273.51,1303.33
2018-01-07,1303.38,1326.03,1302.48,1320.5
2018-01-14,1320.97,1339.4,1308.33,1338.15
2018-01-21,1336.55,1344.7,1324.36,1332.28
2018-01-28,1334.87,1366.12,1328.53,1349.64
2018-02-04,1350.05,1352.47,1327.51,1331.97
2018-02-11,1332.12,1346.14,1307.15,1314.84
2018-02-18,1315.15,1361.8,1314.29,1348.76
2018-02-25,1347.61,1351.32,1321.05,1329.32
2018-03-04,1327.95,1340.96,1302.87,1321.95
2018-03-11,1323.71,1340.55,1313.13,1323.45
2018-03-18,1323.03,1330.1,1309.79,1313.77
2018-03-25,1313.48,1350.24,1307.31,1347.4
2018-04-01,1347.18,1356.86,1321.35,1325.43
2018-04-08,1326.02,1348.08,1319.97,1333.45
2018-04-15,1334.32,1365.12,1326.97,1344.4
2018-04-22,1343.2,1355.7,1335.04,1335.66
2018-04-29,1334.68,1335.52,1315.43,1323.61
2018-05-06,1323.9,1326.45,1301.91,1314.34
2018-05-13,1317.54,1326,1304.52,1319.28
2018-05-20,1318.36,1322.39,1285.69,1291.89
2018-05-27,1290.78,1307.79,1282.19,1300.11
2018-06-03,1300.34,1306.53,1289.51,1293.65
2018-06-10,1292.62,1303.08,1290.16,1298.53
2018-06-17,1300.01,1309.34,1275.6,1279.97
2018-06-24,1277.73,1284.14,1261.49,1270.23
2018-07-01,1270.2,1272.65,1246.02,1252.55
2018-07-08,1251.96,1261.14,1238.03,1254.99
2018-07-15,1255.15,1265.92,1236.82,1241.67
2018-07-22,1240.93,1245.63,1211.72,1230.99
2018-07-29,1231.77,1235.24,1217.65,1223.56
2018-08-05,1222.69,1228.58,1204.74,1213.69
2018-08-12,1213.91,1217.9,1205.84,1211.51
2018-08-19,1211.18,1213.94,1160.31,1184.35
2018-08-26,1183.59,1208.45,1182.87,1205.76
2018-09-02,1207.64,1214.35,1196.51,1199.52
2018-09-09,1201.09,1207.01,1189.7,1196.45
2018-09-16,1195.23,1212.72,1187.9,1194.11
2018-09-23,1194.34,1211.1,1191.96,1199.01
2018-09-30,1199.69,1204.16,1181.01,1191.96
2018-10-07,1192.48,1208.32,1184.68,1202.97
2018-10-14,1203.31,1226.31,1183.41,1218.06
2018-10-21,1217.7,1233.31,1217.02,1226.44
2018-10-28,1227.44,1243.49,1220.19,1233.94
2018-11-04,1233.31,1237.39,1212.07,1233.04
2018-11-11,1233.19,1235.98,1206.79,1209.95
2018-11-18,1208.41,1225.35,1196.4,1222.05
2018-11-25,1222.51,1230.08,1218.06,1223.11
2018-12-02,1223.49,1229.01,1211.29,1222.13
2018-12-09,1222.34,1250.09,1221.38,1248.53
2018-12-16,1249.96,1250.91,1233.01,1238.43
2018-12-23,1239.22,1266.5,1235.9,1255.46
2018-12-30,1257.54,1282.19,1257.54,1280.04
2019-01-06,1280.85,1298.58,1276.8,1285.03
2019-01-13,1286.01,1297.13,1279.46,1288.25
2019-01-20,1287.68,1295.93,1280.73,1280.96
2019-01-27,1280.81,1300.33,1276.79,1300.23
2019-02-03,1302.32,1326.32,1297.8,1317.93
2019-02-10,1318.18,1319.14,1302.9,1314.45
2019-02-17,1314.43,1322.66,1302.61,1321.04
2019-02-24,1321.64,1346.8,1320.45,1328.46
2019-03-03,1329.06,1332.59,1290.25,1291.39
2019-03-10,1290.36,1300.81,1281.02,1300.17
2019-03-17,1296.67,1311.31,1290.58,1302.25
2019-03-24,1302.31,1320.26,1298.3,1313.31
2019-03-31,1312.6,1324.58,1286.91,1292.3
2019-04-07,1292.46,1297.1,1281.05,1291.91
2019-04-14,1291.95,1310.63,1289.74,1290.34
2019-04-21,1291.42,1292.02,1271.33,1275.77
2019-04-28,1275.64,1288.76,1266.55,1285.53
2019-05-05,1287.44,1287.44,1266.48,1278.29
2019-05-12,1278.94,1291.51,1276.88,1286.07
2019-05-19,1287.92,1303.37,1275.12,1278.08
2019-05-26,1277.62,1287.3,1269.61,1284.79
2019-06-02,1284.64,1306.98,1275.11,1305.87
2019-06-09,1307.21,1348.29,1306.16,1341.35
2019-06-16,1336.47,1358.14,1319.96,1341.08
2019-06-23,1342.07,1410.88,1333.11,1399.03
2019-06-30,1400.48,1438.8,1399.03,1411.07
2019-07-07,1398.55,1437.74,1381.89,1400.78
2019-07-14,1398.73,1427.06,1386.31,1414.63
2019-07-21,1415.76,1452.81,1400.31,1425.7
2019-07-28,1427.78,1433.78,1411.2,1416.66
2019-08-04,1419.32,1448.83,1400.6,1440.97
2019-08-11,1440,1510.1,1436.98,1498.48
2019-08-18,1498,1534.95,1480.29,1514.49
2019-08-25,1512.6,1530.11,1492.57,1528.7
2019-09-01,1539.19,1555.16,1517.12,1523.72
2019-09-08,1528.45,1557.1,1502.93,1505.78
2019-09-15,1508.1,1524.27,1484.7,1486.81
2019-09-22,1505.82,1517.1,1484.46,1516.36
2019-09-29,1514.48,1535.7,1487.1,1496.62
2019-10-06,1495.16,1519.44,1459.25,1505.16
2019-10-13,1512.54,1516.98,1474.1,1485.84
2019-10-20,1488.2,1498.28,1477.23,1490.63
2019-10-27,1491.58,1517.99,1481.02,1505.77
2019-11-03,1503.26,1515.88,1481.33,1514.34
2019-11-10,1513.33,1514.8,1456.34,1458.8
2019-11-17,1459.01,1474.65,1445.78,1466.91
2019-11-24,1467.83,1478.87,1456.49,1462.16
2019-12-01,1460.69,1466.61,1450.25,1464.02
2019-12-08,1464.07,1484.07,1454.05,1460.61
2019-12-15,1459.65,1486.78,1458.8,1476.61
2019-12-22,1475.65,1481.73,1470.61,1477.58
2019-12-29,1478.5,1515.35,1477.58,1510.86
2020-01-05,1511.63,1553.4,1510.88,1549.02
2020-01-12,1560.58,1611.45,1540.4,1560.3
2020-01-19,1560.71,1561.3,1536.12,1557.07
2020-01-26,1557.52,1575.86,1546.52,1571.66
2020-02-02,1581.29,1589.4,1563.47,1586.88
2020-02-09,1593.43,1593.57,1547.58,1570.19
2020-02-16,1572.05,1584.44,1562.11,1582.65
2020-02-23,1582.4,1649.16,1578.93,1643.37
2020-03-01,1654.84,1689.04,1563.49,1577.4
2020-03-08,1592.13,1692.07,1575.87,1673.21
2020-03-15,1698.35,1703.16,1505.045,1529.75
2020-03-22,1546.77,1562.85,1451.28,1497.36
2020-03-29,1489.05,1644.18,1485.19,1620.75
2020-04-05,1620.75,1637.3,1569.8,1622.39
